<?xml version="1.0" encoding="utf-8"?>
<!--
- phpMyAdmin XML Dump
- version 5.1.0
- https://www.phpmyadmin.net
-
- Host: 127.0.0.1
- Generation Time: Jul 15, 2022 at 09:53 AM
- Server version: 10.4.18-MariaDB
- PHP Version: 7.3.27
-->

<pma_xml_export version="1.0" xmlns:pma="https://www.phpmyadmin.net/some_doc_url/">
    <!--
    - Structure schemas
    -->
    <pma:structure_schemas>
        <pma:database name="votesystem" collation="utf8mb4_general_ci" charset="utf8mb4">
            <pma:table name="admin">
                CREATE TABLE `admin` (
                  `id` int(11) NOT NULL AUTO_INCREMENT,
                  `username` varchar(50) NOT NULL,
                  `password` varchar(60) NOT NULL,
                  `firstname` varchar(50) NOT NULL,
                  `lastname` varchar(50) NOT NULL,
                  `photo` varchar(150) NOT NULL,
                  `created_on` date NOT NULL,
                  PRIMARY KEY (`id`)
                ) ENGINE=InnoDB AUTO_INCREMENT=2 DEFAULT CHARSET=latin1;
            </pma:table>
            <pma:table name="candidates">
                CREATE TABLE `candidates` (
                  `id` int(11) NOT NULL AUTO_INCREMENT,
                  `position_id` int(11) NOT NULL,
                  `firstname` varchar(30) NOT NULL,
                  `lastname` varchar(30) NOT NULL,
                  `photo` varchar(150) NOT NULL,
                  `platform` text NOT NULL,
                  PRIMARY KEY (`id`)
                ) ENGINE=InnoDB AUTO_INCREMENT=45 DEFAULT CHARSET=latin1;
            </pma:table>
            <pma:table name="positions">
                CREATE TABLE `positions` (
                  `id` int(11) NOT NULL AUTO_INCREMENT,
                  `description` varchar(50) NOT NULL,
                  `max_vote` int(11) NOT NULL,
                  `priority` int(11) NOT NULL,
                  PRIMARY KEY (`id`)
                ) ENGINE=InnoDB AUTO_INCREMENT=14 DEFAULT CHARSET=latin1;
            </pma:table>
            <pma:table name="voters">
                CREATE TABLE `voters` (
                  `id` int(11) NOT NULL AUTO_INCREMENT,
                  `voters_id` varchar(15) NOT NULL,
                  `password` varchar(60) NOT NULL,
                  `firstname` varchar(30) NOT NULL,
                  `lastname` varchar(30) NOT NULL,
                  `photo` varchar(150) NOT NULL,
                  PRIMARY KEY (`id`)
                ) ENGINE=InnoDB AUTO_INCREMENT=98 DEFAULT CHARSET=latin1;
            </pma:table>
            <pma:table name="votes">
                CREATE TABLE `votes` (
                  `id` int(11) NOT NULL AUTO_INCREMENT,
                  `voters_id` int(11) NOT NULL,
                  `candidate_id` int(11) NOT NULL,
                  `position_id` int(11) NOT NULL,
                  PRIMARY KEY (`id`)
                ) ENGINE=InnoDB AUTO_INCREMENT=171 DEFAULT CHARSET=latin1;
            </pma:table>
        </pma:database>
    </pma:structure_schemas>

    <!--
    - Database: 'votesystem'
    -->
    <database name="votesystem">
        <!-- Table admin -->
        <table name="admin">
            <column name="id">1</column>
            <column name="username">Admin</column>
            <column name="password">$2y$10$fLK8s7ZDnM.1lE7XMP.J6OuPbQ.DPUVKBo7rENnQY7gYq0xAzsKJy</column>
            <column name="firstname">Admin</column>
            <column name="lastname">Domain</column>
            <column name="photo">ke.png</column>
            <column name="created_on">2022-07-05</column>
        </table>
        <!-- Table candidates -->
        <table name="candidates">
            <column name="id">31</column>
            <column name="position_id">13</column>
            <column name="firstname">Rex</column>
            <column name="lastname">Omolleh</column>
            <column name="photo">rex.jpeg</column>
            <column name="platform">ODM</column>
        </table>
        <table name="candidates">
            <column name="id">32</column>
            <column name="position_id">13</column>
            <column name="firstname">Noel</column>
            <column name="lastname">Khan</column>
            <column name="photo">khan.jpeg</column>
            <column name="platform">UDA</column>
        </table>
        <table name="candidates">
            <column name="id">33</column>
            <column name="position_id">8</column>
            <column name="firstname">William</column>
            <column name="lastname">Ruto</column>
            <column name="photo">Ruto.jpg</column>
            <column name="platform">UDA</column>
        </table>
        <table name="candidates">
            <column name="id">34</column>
            <column name="position_id">8</column>
            <column name="firstname">Raila</column>
            <column name="lastname">Odinga</column>
            <column name="photo">Raila.jpeg</column>
            <column name="platform">ODM</column>
        </table>
        <table name="candidates">
            <column name="id">35</column>
            <column name="position_id">8</column>
            <column name="firstname">George</column>
            <column name="lastname">Wajackoyah</column>
            <column name="photo">Wajackoyah.jpeg</column>
            <column name="platform">ROOTS PARTY</column>
        </table>
        <table name="candidates">
            <column name="id">36</column>
            <column name="position_id">8</column>
            <column name="firstname">David</column>
            <column name="lastname">Mwaure</column>
            <column name="photo">wahiga.jpeg</column>
            <column name="platform">AGANO PARTY</column>
        </table>
        <table name="candidates">
            <column name="id">37</column>
            <column name="position_id">9</column>
            <column name="firstname">Johnson</column>
            <column name="lastname">Sakaja</column>
            <column name="photo">Sakaja.jpeg</column>
            <column name="platform">UDA</column>
        </table>
        <table name="candidates">
            <column name="id">38</column>
            <column name="position_id">9</column>
            <column name="firstname">Polycarp</column>
            <column name="lastname">Igathe</column>
            <column name="photo">igathe.jpeg</column>
            <column name="platform">JUBILEE</column>
        </table>
        <table name="candidates">
            <column name="id">39</column>
            <column name="position_id">10</column>
            <column name="firstname">Margaret</column>
            <column name="lastname">Wanjiru</column>
            <column name="photo">Wanjiru.jpeg</column>
            <column name="platform">UDA</column>
        </table>
        <table name="candidates">
            <column name="id">40</column>
            <column name="position_id">10</column>
            <column name="firstname">Edwin</column>
            <column name="lastname">Sifuna</column>
            <column name="photo">sifuna.jpeg</column>
            <column name="platform">ODM</column>
        </table>
        <table name="candidates">
            <column name="id">41</column>
            <column name="position_id">11</column>
            <column name="firstname">Millicent</column>
            <column name="lastname">Omanga</column>
            <column name="photo">omanga.jpeg</column>
            <column name="platform">UDA</column>
        </table>
        <table name="candidates">
            <column name="id">42</column>
            <column name="position_id">11</column>
            <column name="firstname">Esther</column>
            <column name="lastname">Passaris</column>
            <column name="photo">passaris.jpeg</column>
            <column name="platform">ODM</column>
        </table>
        <table name="candidates">
            <column name="id">43</column>
            <column name="position_id">12</column>
            <column name="firstname">Nickson</column>
            <column name="lastname">Korir</column>
            <column name="photo">nickson.jpeg</column>
            <column name="platform">UDA</column>
        </table>
        <table name="candidates">
            <column name="id">44</column>
            <column name="position_id">12</column>
            <column name="firstname">Felix</column>
            <column name="lastname">Odiwour</column>
            <column name="photo">jalas.jpeg</column>
            <column name="platform">ODM</column>
        </table>
        <!-- Table positions -->
        <table name="positions">
            <column name="id">8</column>
            <column name="description">PRESIDENT</column>
            <column name="max_vote">1</column>
            <column name="priority">1</column>
        </table>
        <table name="positions">
            <column name="id">9</column>
            <column name="description">GOVERNOR</column>
            <column name="max_vote">1</column>
            <column name="priority">2</column>
        </table>
        <table name="positions">
            <column name="id">10</column>
            <column name="description">SENATOR</column>
            <column name="max_vote">1</column>
            <column name="priority">3</column>
        </table>
        <table name="positions">
            <column name="id">11</column>
            <column name="description">WOMAN REPRESENTATIVE</column>
            <column name="max_vote">1</column>
            <column name="priority">4</column>
        </table>
        <table name="positions">
            <column name="id">12</column>
            <column name="description">MEMBER OF PARLIAMENT (MP)</column>
            <column name="max_vote">1</column>
            <column name="priority">5</column>
        </table>
        <table name="positions">
            <column name="id">13</column>
            <column name="description">MEMBER OF COUNTY ASSEMBLY (MCA)</column>
            <column name="max_vote">1</column>
            <column name="priority">6</column>
        </table>
        <!-- Table voters -->
        <table name="voters">
            <column name="id">3</column>
            <column name="voters_id">V3Q2vEcg4j7smRF</column>
            <column name="password">$2y$10$LjFfYtRM./VAvZ0KUurzqOwZjVYM6oad.r.EJZA.kTZbRFiKhz3tC</column>
            <column name="firstname">William</column>
            <column name="lastname">Ruto</column>
            <column name="photo"></column>
        </table>
        <table name="voters">
            <column name="id">4</column>
            <column name="voters_id">3I6vcEuCDhAVjan</column>
            <column name="password">$2y$10$FsNJ8ahApoOcF4.x3svE2.WZHwb0CUl5j98aI6GsyUn/zRo2.gg/S</column>
            <column name="firstname">elvis</column>
            <column name="lastname">Kemboi</column>
            <column name="photo"></column>
        </table>
        <table name="voters">
            <column name="id">5</column>
            <column name="voters_id">5tc6OP3amX8gGb4</column>
            <column name="password">$2y$10$pXNmK3au5LbXkAbL25kz7urwLLLJBKzbPXSA5Pq/NDWFDMgcSSX.W</column>
            <column name="firstname">Ronaldo</column>
            <column name="lastname">kimutai</column>
            <column name="photo"></column>
        </table>
        <table name="voters">
            <column name="id">6</column>
            <column name="voters_id">BRFjJAZT3ey8vGQ</column>
            <column name="password">$2y$10$i7sNFf/ayqh9Xqemum2OP.eecUJPnkzmpG94aRO/u5G1N2N7An2SC</column>
            <column name="firstname">Edu</column>
            <column name="lastname">Keta</column>
            <column name="photo"></column>
        </table>
        <table name="voters">
            <column name="id">7</column>
            <column name="voters_id">f7iUnwH1uJ49yAe</column>
            <column name="password">$2y$10$oj3w.e.CmuSz1nXLfzn8P.i37UEn6BiYTNZGA.Ssb8hicClwm00Ii</column>
            <column name="firstname">Ishmael</column>
            <column name="lastname">Ishmael</column>
            <column name="photo">_status_IMG-20191020-WA0005.jpg</column>
        </table>
        <table name="voters">
            <column name="id">9</column>
            <column name="voters_id">MYbtaEuHz8fBwQe</column>
            <column name="password">ubI4M#zt</column>
            <column name="firstname">Vincent</column>
            <column name="lastname">Mutai</column>
            <column name="photo"></column>
        </table>
        <table name="voters">
            <column name="id">10</column>
            <column name="voters_id">mg9RaHMSJT4zFQP</column>
            <column name="password">GZ1R7YW%</column>
            <column name="firstname">sher</column>
            <column name="lastname">cheps</column>
            <column name="photo"></column>
        </table>
        <table name="voters">
            <column name="id">11</column>
            <column name="voters_id">TOf8PigbrmQo3Ze</column>
            <column name="password">LMnKwlId</column>
            <column name="firstname">Lynn</column>
            <column name="lastname">Ocey</column>
            <column name="photo"></column>
        </table>
        <table name="voters">
            <column name="id">12</column>
            <column name="voters_id">JoNTuflVO4vQz15</column>
            <column name="password">UPLb5%ok</column>
            <column name="firstname">Otuya</column>
            <column name="lastname">Alvin</column>
            <column name="photo"></column>
        </table>
        <table name="voters">
            <column name="id">13</column>
            <column name="voters_id">sZQcexudajRT64o</column>
            <column name="password">$2y$10$HWEqyMVX1mX/3ArbqYVzF.e6UEKDi/Vrv1eCbQGRw3C19so31y5Ty</column>
            <column name="firstname">Velma</column>
            <column name="lastname">Atieno</column>
            <column name="photo"></column>
        </table>
        <table name="voters">
            <column name="id">14</column>
            <column name="voters_id">Uk1XMiIqDCtjmas</column>
            <column name="password">wLa7phnu</column>
            <column name="firstname">Roro</column>
            <column name="lastname">Kip</column>
            <column name="photo"></column>
        </table>
        <table name="voters">
            <column name="id">15</column>
            <column name="voters_id">SA5UjliexCO2VsT</column>
            <column name="password">$rBowv_U</column>
            <column name="firstname">Purity</column>
            <column name="lastname">Wanjiku</column>
            <column name="photo"></column>
        </table>
        <table name="voters">
            <column name="id">16</column>
            <column name="voters_id">1FKsH84bWIOfpX6</column>
            <column name="password">M$nUCg93</column>
            <column name="firstname">krusty</column>
            <column name="lastname">mutai</column>
            <column name="photo"></column>
        </table>
        <table name="voters">
            <column name="id">17</column>
            <column name="voters_id">MY2F4Xo38vHbult</column>
            <column name="password">fcEj*USe</column>
            <column name="firstname">Sasha</column>
            <column name="lastname">Lave</column>
            <column name="photo"></column>
        </table>
        <table name="voters">
            <column name="id">18</column>
            <column name="voters_id">GYO2RC8HqtkpSXW</column>
            <column name="password">S*D%iwUQ</column>
            <column name="firstname">Fella</column>
            <column name="lastname">Maem</column>
            <column name="photo"></column>
        </table>
        <table name="voters">
            <column name="id">19</column>
            <column name="voters_id">7yUwJegEkmvS4ih</column>
            <column name="password">vdRQKE0F</column>
            <column name="firstname">Ngugi</column>
            <column name="lastname">Thiongo</column>
            <column name="photo"></column>
        </table>
        <table name="voters">
            <column name="id">20</column>
            <column name="voters_id">yq4Hof2GDXZKnRQ</column>
            <column name="password">$2y$10$HAcfzaytRguEeGPkg0yAqO.4krOHaOutzPrUN0Nl.J9PtuG1ODphq</column>
            <column name="firstname">Obwocha</column>
            <column name="lastname">Brandon</column>
            <column name="photo"></column>
        </table>
        <table name="voters">
            <column name="id">21</column>
            <column name="voters_id">87rWIDfSEzcRkoa</column>
            <column name="password">NmqiZ5xQ</column>
            <column name="firstname">Idhris</column>
            <column name="lastname">Ayeye</column>
            <column name="photo"></column>
        </table>
        <table name="voters">
            <column name="id">22</column>
            <column name="voters_id">Pu7Ts2RoQptBYJr</column>
            <column name="password">LFmn@4de</column>
            <column name="firstname">Arima</column>
            <column name="lastname">Jay</column>
            <column name="photo"></column>
        </table>
        <table name="voters">
            <column name="id">23</column>
            <column name="voters_id">Ux6JVYpDH5KiTA7</column>
            <column name="password">FHSZhrR$</column>
            <column name="firstname">Washa</column>
            <column name="lastname">Sheldon</column>
            <column name="photo"></column>
        </table>
        <table name="voters">
            <column name="id">24</column>
            <column name="voters_id">rAeN16jTn3ZGB7x</column>
            <column name="password">4M6o5Z*g</column>
            <column name="firstname">Aketch</column>
            <column name="lastname">Maureen</column>
            <column name="photo"></column>
        </table>
        <table name="voters">
            <column name="id">25</column>
            <column name="voters_id">ajtyWTF3JvbrOeK</column>
            <column name="password">vwbE$L!9</column>
            <column name="firstname">Achola</column>
            <column name="lastname">Memphis</column>
            <column name="photo"></column>
        </table>
        <table name="voters">
            <column name="id">26</column>
            <column name="voters_id">4QUlPRpvMFdznoD</column>
            <column name="password">DL%Emj8X</column>
            <column name="firstname">Kibet</column>
            <column name="lastname">Emm</column>
            <column name="photo"></column>
        </table>
        <table name="voters">
            <column name="id">27</column>
            <column name="voters_id">oj8RJTmGQLU4zXe</column>
            <column name="password">$2y$10$Kl3hVql2bHpp2cEeDUhtw.majWJe3rXEwG9pRow1LFEjQ/JSACzHO</column>
            <column name="firstname">Mahia</column>
            <column name="lastname">Gor</column>
            <column name="photo"></column>
        </table>
        <table name="voters">
            <column name="id">28</column>
            <column name="voters_id">kXxYLody1HQwJ9c</column>
            <column name="password">_LQ5%g!K</column>
            <column name="firstname">Mabil</column>
            <column name="lastname">Elisha</column>
            <column name="photo"></column>
        </table>
        <table name="voters">
            <column name="id">29</column>
            <column name="voters_id">hLOw4CfnPxZvQp1</column>
            <column name="password">WS&amp;xdNnJ</column>
            <column name="firstname">Raila</column>
            <column name="lastname">odinga</column>
            <column name="photo">Raila.jpeg</column>
        </table>
        <table name="voters">
            <column name="id">30</column>
            <column name="voters_id">aOopm3EXB5WJiD9</column>
            <column name="password">_NBju#o4</column>
            <column name="firstname">George </column>
            <column name="lastname">Wajackoyah</column>
            <column name="photo"></column>
        </table>
        <table name="voters">
            <column name="id">31</column>
            <column name="voters_id">x9dtLzQDkb74Gjs</column>
            <column name="password">Q8CoNq5e</column>
            <column name="firstname">Jonhson</column>
            <column name="lastname">Sakaja</column>
            <column name="photo">Sakaja.jpeg</column>
        </table>
        <table name="voters">
            <column name="id">32</column>
            <column name="voters_id">iUsdZchtI6MPDuY</column>
            <column name="password">#XUMA%1u</column>
            <column name="firstname">Edwin</column>
            <column name="lastname">Sifuna</column>
            <column name="photo">sifuna.jpeg</column>
        </table>
        <table name="voters">
            <column name="id">33</column>
            <column name="voters_id">NuvXMw1VW8R6jf4</column>
            <column name="password">Yo*fOKAC</column>
            <column name="firstname">Polycarp</column>
            <column name="lastname">Igathe</column>
            <column name="photo">igathe.jpeg</column>
        </table>
        <table name="voters">
            <column name="id">34</column>
            <column name="voters_id">6ZAfuJRxl5XpaVn</column>
            <column name="password">$2y$10$qUEptivIqeE8bEFmaCzqJeal2WbMG1BuyzVQtfA5fK31/tnbXF9O2</column>
            <column name="firstname">elii </column>
            <column name="lastname">elito</column>
            <column name="photo"></column>
        </table>
        <table name="voters">
            <column name="id">35</column>
            <column name="voters_id">6art8Dcug95Hzfk</column>
            <column name="password">LucMtEHy</column>
            <column name="firstname">edwin</column>
            <column name="lastname">mark</column>
            <column name="photo"></column>
        </table>
        <table name="voters">
            <column name="id">36</column>
            <column name="voters_id">EOJiDK6kvWyNMzu</column>
            <column name="password">uQ5a18r*</column>
            <column name="firstname">roroo</column>
            <column name="lastname">mark</column>
            <column name="photo"></column>
        </table>
        <table name="voters">
            <column name="id">37</column>
            <column name="voters_id">Pj28bHBYCnwhaOM</column>
            <column name="password">yuVD40LK</column>
            <column name="firstname">mara</column>
            <column name="lastname">kim</column>
            <column name="photo"></column>
        </table>
        <table name="voters">
            <column name="id">38</column>
            <column name="voters_id">jJ2Pm7NGLBCYX4D</column>
            <column name="password">L4iZvl@G</column>
            <column name="firstname">colloins</column>
            <column name="lastname">kim</column>
            <column name="photo"></column>
        </table>
        <table name="voters">
            <column name="id">39</column>
            <column name="voters_id">tUfGXSTyJA51Fbc</column>
            <column name="password">UWh*Xiz0</column>
            <column name="firstname">Dero</column>
            <column name="lastname">kim</column>
            <column name="photo"></column>
        </table>
        <table name="voters">
            <column name="id">40</column>
            <column name="voters_id">Nju1LWBbAVHcFzP</column>
            <column name="password">IE&amp;csWx3</column>
            <column name="firstname">willy</column>
            <column name="lastname">mutua</column>
            <column name="photo"></column>
        </table>
        <table name="voters">
            <column name="id">41</column>
            <column name="voters_id">tuFpJlSz1e9UTLZ</column>
            <column name="password">9N5FtZfV</column>
            <column name="firstname">Criss</column>
            <column name="lastname">rok</column>
            <column name="photo"></column>
        </table>
        <table name="voters">
            <column name="id">42</column>
            <column name="voters_id">tfwhknAFYosKzH3</column>
            <column name="password">i1yYHpcu</column>
            <column name="firstname">val</column>
            <column name="lastname">chem</column>
            <column name="photo"></column>
        </table>
        <table name="voters">
            <column name="id">43</column>
            <column name="voters_id">C1oJz9IMLGycEpt</column>
            <column name="password">4cJ8T_i3</column>
            <column name="firstname">jamnty</column>
            <column name="lastname">jan</column>
            <column name="photo"></column>
        </table>
        <table name="voters">
            <column name="id">44</column>
            <column name="voters_id">4bmKYiPJsRrId6c</column>
            <column name="password">$2y$10$SAYswuV9FFoSmrruy7QrZOmi8DtrdDEXB9yvYMT4oqIxyc6StXIgu</column>
            <column name="firstname">Abel</column>
            <column name="lastname">ave</column>
            <column name="photo"></column>
        </table>
        <table name="voters">
            <column name="id">45</column>
            <column name="voters_id">DqGUu87bCAyivLa</column>
            <column name="password">2Hg3rsec</column>
            <column name="firstname">Abel</column>
            <column name="lastname">ronny</column>
            <column name="photo"></column>
        </table>
        <table name="voters">
            <column name="id">46</column>
            <column name="voters_id">H1dwUjQpbfOYMKC</column>
            <column name="password">VbKx8iJW</column>
            <column name="firstname">Abel</column>
            <column name="lastname">ongaki</column>
            <column name="photo"></column>
        </table>
        <table name="voters">
            <column name="id">47</column>
            <column name="voters_id">welR3X62zOgUdi5</column>
            <column name="password">JicvNFuG</column>
            <column name="firstname">Afortech</column>
            <column name="lastname">Agnes</column>
            <column name="photo"></column>
        </table>
        <table name="voters">
            <column name="id">48</column>
            <column name="voters_id">qD4S96dpaeTcxEh</column>
            <column name="password">$2y$10$SNSziLfaxh2qV6At9Qk/ee7Zl29wlr4lHLhwgBgsBFN.qJ0MGGg3m</column>
            <column name="firstname">Aggie</column>
            <column name="lastname">Client</column>
            <column name="photo"></column>
        </table>
        <table name="voters">
            <column name="id">49</column>
            <column name="voters_id">nCq3MY6wp9cslOf</column>
            <column name="password">6slHr90K</column>
            <column name="firstname">Allan</column>
            <column name="lastname">Orowe</column>
            <column name="photo"></column>
        </table>
        <table name="voters">
            <column name="id">50</column>
            <column name="voters_id">TEnUreH1Xlb35Qq</column>
            <column name="password">XQLyVm*G</column>
            <column name="firstname">Ally</column>
            <column name="lastname">Orowe</column>
            <column name="photo"></column>
        </table>
        <table name="voters">
            <column name="id">51</column>
            <column name="voters_id">2v3CLPfamriYFKM</column>
            <column name="password">VaXxl&amp;v1</column>
            <column name="firstname">Alvin </column>
            <column name="lastname">art</column>
            <column name="photo"></column>
        </table>
        <table name="voters">
            <column name="id">52</column>
            <column name="voters_id">FbMPrfkRpi3BueJ</column>
            <column name="password">#EYx*jd!</column>
            <column name="firstname">Hawii </column>
            <column name="lastname">Lee</column>
            <column name="photo"></column>
        </table>
        <table name="voters">
            <column name="id">53</column>
            <column name="voters_id">MpcE3lOCfGDwst8</column>
            <column name="password">cth*B1u3</column>
            <column name="firstname">Andy </column>
            <column name="lastname">Agutu</column>
            <column name="photo"></column>
        </table>
        <table name="voters">
            <column name="id">54</column>
            <column name="voters_id">kihRVZsrO7qKm4Y</column>
            <column name="password">5dwe8m#b</column>
            <column name="firstname">Anisha</column>
            <column name="lastname">moraa</column>
            <column name="photo"></column>
        </table>
        <table name="voters">
            <column name="id">55</column>
            <column name="voters_id">sYrxweiTbm5DpfM</column>
            <column name="password">$2y$10$lLlFHiC7j2jngOz.nseMzeIP.vMnjXQjtsW6C2g4Rcz0BrpC/EEbm</column>
            <column name="firstname">Aunt </column>
            <column name="lastname">daisy</column>
            <column name="photo"></column>
        </table>
        <table name="voters">
            <column name="id">56</column>
            <column name="voters_id">CgTLn7kXJQivbPy</column>
            <column name="password">$2y$10$9azmvUFpn1KASbiFGbEv/OKpUZqieWue6lf8byPjy6rcPzkr7QSZK</column>
            <column name="firstname">Belinda </column>
            <column name="lastname">Adeny</column>
            <column name="photo"></column>
        </table>
        <table name="voters">
            <column name="id">57</column>
            <column name="voters_id">mFYvMX5VjSt1fuP</column>
            <column name="password">lOaVPnz1</column>
            <column name="firstname">Benard </column>
            <column name="lastname">Mokanya</column>
            <column name="photo"></column>
        </table>
        <table name="voters">
            <column name="id">58</column>
            <column name="voters_id">hZIviOab9CNQqT3</column>
            <column name="password">f6RW7HjD</column>
            <column name="firstname">Bethsheba</column>
            <column name="lastname">letin</column>
            <column name="photo"></column>
        </table>
        <table name="voters">
            <column name="id">59</column>
            <column name="voters_id">tofUaMyEAnGhpbF</column>
            <column name="password">priXqktH</column>
            <column name="firstname">Bett</column>
            <column name="lastname">Seskaa</column>
            <column name="photo"></column>
        </table>
        <table name="voters">
            <column name="id">60</column>
            <column name="voters_id">lQruqZwsXLyAP4I</column>
            <column name="password">BquzKWhx</column>
            <column name="firstname">Billy</column>
            <column name="lastname">ill</column>
            <column name="photo"></column>
        </table>
        <table name="voters">
            <column name="id">61</column>
            <column name="voters_id">zyxmD629vPWgUwi</column>
            <column name="password">F0MftPC@</column>
            <column name="firstname">Billy</column>
            <column name="lastname">Chirchir</column>
            <column name="photo"></column>
        </table>
        <table name="voters">
            <column name="id">62</column>
            <column name="voters_id">M1y8a7kQNqfBTmz</column>
            <column name="password">lCjJoXx%</column>
            <column name="firstname">Brian</column>
            <column name="lastname">Chirchir</column>
            <column name="photo"></column>
        </table>
        <table name="voters">
            <column name="id">63</column>
            <column name="voters_id">VhUwRBqX35nZTFa</column>
            <column name="password">v9_4WzFt</column>
            <column name="firstname">solomon</column>
            <column name="lastname">Rigathi</column>
            <column name="photo"></column>
        </table>
        <table name="voters">
            <column name="id">64</column>
            <column name="voters_id">lse9kQb2DZKS3Vr</column>
            <column name="password">W76iUHhF</column>
            <column name="firstname">Ishmael</column>
            <column name="lastname">pollycap</column>
            <column name="photo"></column>
        </table>
        <table name="voters">
            <column name="id">65</column>
            <column name="voters_id">CjGtMlEgnyWfYAX</column>
            <column name="password">12qaHAVL</column>
            <column name="firstname">Brian</column>
            <column name="lastname">Brian</column>
            <column name="photo"></column>
        </table>
        <table name="voters">
            <column name="id">66</column>
            <column name="voters_id">hgyZMpPRIvc1tT7</column>
            <column name="password">BEasqc5k</column>
            <column name="firstname">Chacha</column>
            <column name="lastname">Simba</column>
            <column name="photo"></column>
        </table>
        <table name="voters">
            <column name="id">67</column>
            <column name="voters_id">LKDltO1cWT7MeFy</column>
            <column name="password">x8&amp;lgB!h</column>
            <column name="firstname">Caroline</column>
            <column name="lastname">Hope</column>
            <column name="photo"></column>
        </table>
        <table name="voters">
            <column name="id">68</column>
            <column name="voters_id">M8PLZznFo96Xl1d</column>
            <column name="password">AFxWR3!5</column>
            <column name="firstname">Daisy</column>
            <column name="lastname">Chemutai</column>
            <column name="photo"></column>
        </table>
        <table name="voters">
            <column name="id">69</column>
            <column name="voters_id">JHYTGCxkfsgVrUe</column>
            <column name="password">MgcWi6%9</column>
            <column name="firstname">Ngoma</column>
            <column name="lastname">Maina</column>
            <column name="photo"></column>
        </table>
        <table name="voters">
            <column name="id">70</column>
            <column name="voters_id">QZOJEwuCWTFhv1U</column>
            <column name="password">dgU1Cnkm</column>
            <column name="firstname">Ian</column>
            <column name="lastname">Maina</column>
            <column name="photo"></column>
        </table>
        <table name="voters">
            <column name="id">71</column>
            <column name="voters_id">vkehrImjWHflqJB</column>
            <column name="password">U$NdP43&amp;</column>
            <column name="firstname">Faith</column>
            <column name="lastname">Wamboi</column>
            <column name="photo"></column>
        </table>
        <table name="voters">
            <column name="id">72</column>
            <column name="voters_id">nwcKvxRqbVh3ejB</column>
            <column name="password">0!PX7YjI</column>
            <column name="firstname">Ruth</column>
            <column name="lastname">Wamboi</column>
            <column name="photo"></column>
        </table>
        <table name="voters">
            <column name="id">73</column>
            <column name="voters_id">2YfOBoGvJSUlTrI</column>
            <column name="password">labrkISZ</column>
            <column name="firstname">Ben</column>
            <column name="lastname">Mwas</column>
            <column name="photo"></column>
        </table>
        <table name="voters">
            <column name="id">74</column>
            <column name="voters_id">gh4fpI9nHZF6ai7</column>
            <column name="password">TZ3LD_q*</column>
            <column name="firstname">Daniel</column>
            <column name="lastname">Omondi</column>
            <column name="photo"></column>
        </table>
        <table name="voters">
            <column name="id">75</column>
            <column name="voters_id">uNGV8Bi6Rv4bSLk</column>
            <column name="password">HOP&amp;0!#k</column>
            <column name="firstname">Davie</column>
            <column name="lastname">Okom</column>
            <column name="photo"></column>
        </table>
        <table name="voters">
            <column name="id">76</column>
            <column name="voters_id">j13scU7lTARSPry</column>
            <column name="password">*LPhtqEM</column>
            <column name="firstname">Enock</column>
            <column name="lastname">Wakili</column>
            <column name="photo"></column>
        </table>
        <table name="voters">
            <column name="id">77</column>
            <column name="voters_id">OZ3n14uwq5fTSWA</column>
            <column name="password">gEYIa0l@</column>
            <column name="firstname">Eunie</column>
            <column name="lastname">Njeri</column>
            <column name="photo"></column>
        </table>
        <table name="voters">
            <column name="id">78</column>
            <column name="voters_id">62WjpyImOfl7w3c</column>
            <column name="password">1wa0RvjJ</column>
            <column name="firstname">Cyntha</column>
            <column name="lastname">Njeri</column>
            <column name="photo"></column>
        </table>
        <table name="voters">
            <column name="id">79</column>
            <column name="voters_id">9tQDzebwnFm5Lxl</column>
            <column name="password">H%zlaG_0</column>
            <column name="firstname">Faith</column>
            <column name="lastname">Sambu</column>
            <column name="photo"></column>
        </table>
        <table name="voters">
            <column name="id">80</column>
            <column name="voters_id">Fv2ybg8Qip5nGlO</column>
            <column name="password">#l39_5qn</column>
            <column name="firstname">Faith</column>
            <column name="lastname">Moh</column>
            <column name="photo"></column>
        </table>
        <table name="voters">
            <column name="id">81</column>
            <column name="voters_id">uzCKWANHnw3tVB7</column>
            <column name="password">ODu1%PHm</column>
            <column name="firstname">Filomena</column>
            <column name="lastname">Prestige</column>
            <column name="photo"></column>
        </table>
        <table name="voters">
            <column name="id">82</column>
            <column name="voters_id">wQAk8Zlt1S4L6UY</column>
            <column name="password">QXMOvtdN</column>
            <column name="firstname">Moi</column>
            <column name="lastname">Late</column>
            <column name="photo"></column>
        </table>
        <table name="voters">
            <column name="id">83</column>
            <column name="voters_id">y4AplJXsdHKQzNh</column>
            <column name="password">IALKghzu</column>
            <column name="firstname">Flex</column>
            <column name="lastname">omurwa</column>
            <column name="photo"></column>
        </table>
        <table name="voters">
            <column name="id">84</column>
            <column name="voters_id">mLhfsMBrk3oTZeG</column>
            <column name="password">uLeXKnpW</column>
            <column name="firstname">Frank</column>
            <column name="lastname">Tuk</column>
            <column name="photo"></column>
        </table>
        <table name="voters">
            <column name="id">85</column>
            <column name="voters_id">RFusPNtha5AeGo8</column>
            <column name="password">754Yw#Wo</column>
            <column name="firstname">Gideon</column>
            <column name="lastname">Ketepa</column>
            <column name="photo"></column>
        </table>
        <table name="voters">
            <column name="id">86</column>
            <column name="voters_id">X2KznObEyfMZHgj</column>
            <column name="password">$2y$10$2NSuX1a0UVE.zxqc0ewjoeRN8.DDMz0fQWtPnXfu580tjRomPW0Ai</column>
            <column name="firstname">Hamsoo</column>
            <column name="lastname">Dolad</column>
            <column name="photo"></column>
        </table>
        <table name="voters">
            <column name="id">87</column>
            <column name="voters_id">2Rho3qXtbB5Divc</column>
            <column name="password">EvbGPC_h</column>
            <column name="firstname">Hope</column>
            <column name="lastname">Omoke</column>
            <column name="photo"></column>
        </table>
        <table name="voters">
            <column name="id">88</column>
            <column name="voters_id">kZ2o4Eubl7WsypS</column>
            <column name="password">zlDU0VyZ</column>
            <column name="firstname">Kelo</column>
            <column name="lastname">Kelly</column>
            <column name="photo"></column>
        </table>
        <table name="voters">
            <column name="id">89</column>
            <column name="voters_id">gWRMdpeItHQ9aA3</column>
            <column name="password">ypKfwVNC</column>
            <column name="firstname">Jay</column>
            <column name="lastname">Zee</column>
            <column name="photo"></column>
        </table>
        <table name="voters">
            <column name="id">90</column>
            <column name="voters_id">8JdAVE2LS9xQoph</column>
            <column name="password">m#p36@Yb</column>
            <column name="firstname">Kay</column>
            <column name="lastname">Lee</column>
            <column name="photo"></column>
        </table>
        <table name="voters">
            <column name="id">91</column>
            <column name="voters_id">laOZTFfSdIQb7Cm</column>
            <column name="password">Lx6tS*my</column>
            <column name="firstname">Ali</column>
            <column name="lastname">moha</column>
            <column name="photo"></column>
        </table>
        <table name="voters">
            <column name="id">92</column>
            <column name="voters_id">zOmwRo3YWKSVLh1</column>
            <column name="password">kSm3_X#V</column>
            <column name="firstname">Abdul</column>
            <column name="lastname">Nas</column>
            <column name="photo"></column>
        </table>
        <table name="voters">
            <column name="id">93</column>
            <column name="voters_id">ZOIGXKbgzRmQFal</column>
            <column name="password">$2y$10$gzA3I5eFgdIPm6PZMpmLJeCaPGZmkPCNyEqoX55CJxaMQ1wznOK7.</column>
            <column name="firstname">Eleli</column>
            <column name="lastname">Ayub</column>
            <column name="photo"></column>
        </table>
        <table name="voters">
            <column name="id">94</column>
            <column name="voters_id">TsytwXAmiEvc1bU</column>
            <column name="password">dLWgMycz</column>
            <column name="firstname">Sandra</column>
            <column name="lastname">Too</column>
            <column name="photo"></column>
        </table>
        <table name="voters">
            <column name="id">95</column>
            <column name="voters_id">lK4WtUwZpfdSubP</column>
            <column name="password">jG4VI$!b</column>
            <column name="firstname">Kevin</column>
            <column name="lastname">Philips</column>
            <column name="photo"></column>
        </table>
        <table name="voters">
            <column name="id">96</column>
            <column name="voters_id">OefhH3NsTB47ILV</column>
            <column name="password">OorT&amp;KHG</column>
            <column name="firstname">Adala</column>
            <column name="lastname">Marwil</column>
            <column name="photo"></column>
        </table>
        <table name="voters">
            <column name="id">97</column>
            <column name="voters_id">m7snMjd5YP1Su2z</column>
            <column name="password">$2y$10$8EiXrIFaSCfnYd2EmLOXY.fwF54mMsZhIstR9/xc/p8C6lM8xGtCW</column>
            <column name="firstname">Mason</column>
            <column name="lastname">Mount</column>
            <column name="photo">+254 711 592990 20200125_181232 (1).jpg</column>
        </table>
        <!-- Table votes -->
        <table name="votes">
            <column name="id">81</column>
            <column name="voters_id">4</column>
            <column name="candidate_id">18</column>
            <column name="position_id">8</column>
        </table>
        <table name="votes">
            <column name="id">82</column>
            <column name="voters_id">4</column>
            <column name="candidate_id">20</column>
            <column name="position_id">9</column>
        </table>
        <table name="votes">
            <column name="id">83</column>
            <column name="voters_id">4</column>
            <column name="candidate_id">22</column>
            <column name="position_id">10</column>
        </table>
        <table name="votes">
            <column name="id">84</column>
            <column name="voters_id">4</column>
            <column name="candidate_id">24</column>
            <column name="position_id">11</column>
        </table>
        <table name="votes">
            <column name="id">85</column>
            <column name="voters_id">4</column>
            <column name="candidate_id">28</column>
            <column name="position_id">12</column>
        </table>
        <table name="votes">
            <column name="id">86</column>
            <column name="voters_id">4</column>
            <column name="candidate_id">26</column>
            <column name="position_id">13</column>
        </table>
        <table name="votes">
            <column name="id">87</column>
            <column name="voters_id">7</column>
            <column name="candidate_id">18</column>
            <column name="position_id">8</column>
        </table>
        <table name="votes">
            <column name="id">88</column>
            <column name="voters_id">7</column>
            <column name="candidate_id">21</column>
            <column name="position_id">9</column>
        </table>
        <table name="votes">
            <column name="id">89</column>
            <column name="voters_id">7</column>
            <column name="candidate_id">23</column>
            <column name="position_id">10</column>
        </table>
        <table name="votes">
            <column name="id">90</column>
            <column name="voters_id">7</column>
            <column name="candidate_id">24</column>
            <column name="position_id">11</column>
        </table>
        <table name="votes">
            <column name="id">91</column>
            <column name="voters_id">7</column>
            <column name="candidate_id">29</column>
            <column name="position_id">12</column>
        </table>
        <table name="votes">
            <column name="id">92</column>
            <column name="voters_id">7</column>
            <column name="candidate_id">26</column>
            <column name="position_id">13</column>
        </table>
        <table name="votes">
            <column name="id">93</column>
            <column name="voters_id">5</column>
            <column name="candidate_id">35</column>
            <column name="position_id">8</column>
        </table>
        <table name="votes">
            <column name="id">94</column>
            <column name="voters_id">5</column>
            <column name="candidate_id">37</column>
            <column name="position_id">9</column>
        </table>
        <table name="votes">
            <column name="id">95</column>
            <column name="voters_id">5</column>
            <column name="candidate_id">40</column>
            <column name="position_id">10</column>
        </table>
        <table name="votes">
            <column name="id">96</column>
            <column name="voters_id">5</column>
            <column name="candidate_id">41</column>
            <column name="position_id">11</column>
        </table>
        <table name="votes">
            <column name="id">97</column>
            <column name="voters_id">5</column>
            <column name="candidate_id">43</column>
            <column name="position_id">12</column>
        </table>
        <table name="votes">
            <column name="id">98</column>
            <column name="voters_id">5</column>
            <column name="candidate_id">32</column>
            <column name="position_id">13</column>
        </table>
        <table name="votes">
            <column name="id">99</column>
            <column name="voters_id">6</column>
            <column name="candidate_id">33</column>
            <column name="position_id">8</column>
        </table>
        <table name="votes">
            <column name="id">100</column>
            <column name="voters_id">6</column>
            <column name="candidate_id">37</column>
            <column name="position_id">9</column>
        </table>
        <table name="votes">
            <column name="id">101</column>
            <column name="voters_id">6</column>
            <column name="candidate_id">39</column>
            <column name="position_id">10</column>
        </table>
        <table name="votes">
            <column name="id">102</column>
            <column name="voters_id">6</column>
            <column name="candidate_id">41</column>
            <column name="position_id">11</column>
        </table>
        <table name="votes">
            <column name="id">103</column>
            <column name="voters_id">6</column>
            <column name="candidate_id">43</column>
            <column name="position_id">12</column>
        </table>
        <table name="votes">
            <column name="id">104</column>
            <column name="voters_id">6</column>
            <column name="candidate_id">32</column>
            <column name="position_id">13</column>
        </table>
        <table name="votes">
            <column name="id">105</column>
            <column name="voters_id">3</column>
            <column name="candidate_id">34</column>
            <column name="position_id">8</column>
        </table>
        <table name="votes">
            <column name="id">106</column>
            <column name="voters_id">3</column>
            <column name="candidate_id">38</column>
            <column name="position_id">9</column>
        </table>
        <table name="votes">
            <column name="id">107</column>
            <column name="voters_id">3</column>
            <column name="candidate_id">40</column>
            <column name="position_id">10</column>
        </table>
        <table name="votes">
            <column name="id">108</column>
            <column name="voters_id">3</column>
            <column name="candidate_id">42</column>
            <column name="position_id">11</column>
        </table>
        <table name="votes">
            <column name="id">109</column>
            <column name="voters_id">3</column>
            <column name="candidate_id">44</column>
            <column name="position_id">12</column>
        </table>
        <table name="votes">
            <column name="id">110</column>
            <column name="voters_id">3</column>
            <column name="candidate_id">31</column>
            <column name="position_id">13</column>
        </table>
        <table name="votes">
            <column name="id">111</column>
            <column name="voters_id">56</column>
            <column name="candidate_id">33</column>
            <column name="position_id">8</column>
        </table>
        <table name="votes">
            <column name="id">112</column>
            <column name="voters_id">56</column>
            <column name="candidate_id">37</column>
            <column name="position_id">9</column>
        </table>
        <table name="votes">
            <column name="id">113</column>
            <column name="voters_id">56</column>
            <column name="candidate_id">39</column>
            <column name="position_id">10</column>
        </table>
        <table name="votes">
            <column name="id">114</column>
            <column name="voters_id">56</column>
            <column name="candidate_id">41</column>
            <column name="position_id">11</column>
        </table>
        <table name="votes">
            <column name="id">115</column>
            <column name="voters_id">56</column>
            <column name="candidate_id">43</column>
            <column name="position_id">12</column>
        </table>
        <table name="votes">
            <column name="id">116</column>
            <column name="voters_id">56</column>
            <column name="candidate_id">32</column>
            <column name="position_id">13</column>
        </table>
        <table name="votes">
            <column name="id">117</column>
            <column name="voters_id">44</column>
            <column name="candidate_id">33</column>
            <column name="position_id">8</column>
        </table>
        <table name="votes">
            <column name="id">118</column>
            <column name="voters_id">44</column>
            <column name="candidate_id">38</column>
            <column name="position_id">9</column>
        </table>
        <table name="votes">
            <column name="id">119</column>
            <column name="voters_id">44</column>
            <column name="candidate_id">40</column>
            <column name="position_id">10</column>
        </table>
        <table name="votes">
            <column name="id">120</column>
            <column name="voters_id">44</column>
            <column name="candidate_id">41</column>
            <column name="position_id">11</column>
        </table>
        <table name="votes">
            <column name="id">121</column>
            <column name="voters_id">44</column>
            <column name="candidate_id">44</column>
            <column name="position_id">12</column>
        </table>
        <table name="votes">
            <column name="id">122</column>
            <column name="voters_id">44</column>
            <column name="candidate_id">31</column>
            <column name="position_id">13</column>
        </table>
        <table name="votes">
            <column name="id">123</column>
            <column name="voters_id">20</column>
            <column name="candidate_id">36</column>
            <column name="position_id">8</column>
        </table>
        <table name="votes">
            <column name="id">124</column>
            <column name="voters_id">20</column>
            <column name="candidate_id">37</column>
            <column name="position_id">9</column>
        </table>
        <table name="votes">
            <column name="id">125</column>
            <column name="voters_id">20</column>
            <column name="candidate_id">39</column>
            <column name="position_id">10</column>
        </table>
        <table name="votes">
            <column name="id">126</column>
            <column name="voters_id">20</column>
            <column name="candidate_id">42</column>
            <column name="position_id">11</column>
        </table>
        <table name="votes">
            <column name="id">127</column>
            <column name="voters_id">20</column>
            <column name="candidate_id">43</column>
            <column name="position_id">12</column>
        </table>
        <table name="votes">
            <column name="id">128</column>
            <column name="voters_id">20</column>
            <column name="candidate_id">32</column>
            <column name="position_id">13</column>
        </table>
        <table name="votes">
            <column name="id">129</column>
            <column name="voters_id">34</column>
            <column name="candidate_id">33</column>
            <column name="position_id">8</column>
        </table>
        <table name="votes">
            <column name="id">130</column>
            <column name="voters_id">34</column>
            <column name="candidate_id">37</column>
            <column name="position_id">9</column>
        </table>
        <table name="votes">
            <column name="id">131</column>
            <column name="voters_id">34</column>
            <column name="candidate_id">39</column>
            <column name="position_id">10</column>
        </table>
        <table name="votes">
            <column name="id">132</column>
            <column name="voters_id">34</column>
            <column name="candidate_id">41</column>
            <column name="position_id">11</column>
        </table>
        <table name="votes">
            <column name="id">133</column>
            <column name="voters_id">34</column>
            <column name="candidate_id">43</column>
            <column name="position_id">12</column>
        </table>
        <table name="votes">
            <column name="id">134</column>
            <column name="voters_id">34</column>
            <column name="candidate_id">32</column>
            <column name="position_id">13</column>
        </table>
        <table name="votes">
            <column name="id">135</column>
            <column name="voters_id">86</column>
            <column name="candidate_id">34</column>
            <column name="position_id">8</column>
        </table>
        <table name="votes">
            <column name="id">136</column>
            <column name="voters_id">86</column>
            <column name="candidate_id">38</column>
            <column name="position_id">9</column>
        </table>
        <table name="votes">
            <column name="id">137</column>
            <column name="voters_id">86</column>
            <column name="candidate_id">40</column>
            <column name="position_id">10</column>
        </table>
        <table name="votes">
            <column name="id">138</column>
            <column name="voters_id">86</column>
            <column name="candidate_id">42</column>
            <column name="position_id">11</column>
        </table>
        <table name="votes">
            <column name="id">139</column>
            <column name="voters_id">86</column>
            <column name="candidate_id">44</column>
            <column name="position_id">12</column>
        </table>
        <table name="votes">
            <column name="id">140</column>
            <column name="voters_id">86</column>
            <column name="candidate_id">31</column>
            <column name="position_id">13</column>
        </table>
        <table name="votes">
            <column name="id">141</column>
            <column name="voters_id">13</column>
            <column name="candidate_id">34</column>
            <column name="position_id">8</column>
        </table>
        <table name="votes">
            <column name="id">142</column>
            <column name="voters_id">13</column>
            <column name="candidate_id">38</column>
            <column name="position_id">9</column>
        </table>
        <table name="votes">
            <column name="id">143</column>
            <column name="voters_id">13</column>
            <column name="candidate_id">39</column>
            <column name="position_id">10</column>
        </table>
        <table name="votes">
            <column name="id">144</column>
            <column name="voters_id">13</column>
            <column name="candidate_id">41</column>
            <column name="position_id">11</column>
        </table>
        <table name="votes">
            <column name="id">145</column>
            <column name="voters_id">13</column>
            <column name="candidate_id">43</column>
            <column name="position_id">12</column>
        </table>
        <table name="votes">
            <column name="id">146</column>
            <column name="voters_id">13</column>
            <column name="candidate_id">31</column>
            <column name="position_id">13</column>
        </table>
        <table name="votes">
            <column name="id">147</column>
            <column name="voters_id">93</column>
            <column name="candidate_id">35</column>
            <column name="position_id">8</column>
        </table>
        <table name="votes">
            <column name="id">148</column>
            <column name="voters_id">93</column>
            <column name="candidate_id">37</column>
            <column name="position_id">9</column>
        </table>
        <table name="votes">
            <column name="id">149</column>
            <column name="voters_id">93</column>
            <column name="candidate_id">40</column>
            <column name="position_id">10</column>
        </table>
        <table name="votes">
            <column name="id">150</column>
            <column name="voters_id">93</column>
            <column name="candidate_id">41</column>
            <column name="position_id">11</column>
        </table>
        <table name="votes">
            <column name="id">151</column>
            <column name="voters_id">93</column>
            <column name="candidate_id">43</column>
            <column name="position_id">12</column>
        </table>
        <table name="votes">
            <column name="id">152</column>
            <column name="voters_id">93</column>
            <column name="candidate_id">32</column>
            <column name="position_id">13</column>
        </table>
        <table name="votes">
            <column name="id">153</column>
            <column name="voters_id">27</column>
            <column name="candidate_id">34</column>
            <column name="position_id">8</column>
        </table>
        <table name="votes">
            <column name="id">154</column>
            <column name="voters_id">27</column>
            <column name="candidate_id">38</column>
            <column name="position_id">9</column>
        </table>
        <table name="votes">
            <column name="id">155</column>
            <column name="voters_id">27</column>
            <column name="candidate_id">40</column>
            <column name="position_id">10</column>
        </table>
        <table name="votes">
            <column name="id">156</column>
            <column name="voters_id">27</column>
            <column name="candidate_id">42</column>
            <column name="position_id">11</column>
        </table>
        <table name="votes">
            <column name="id">157</column>
            <column name="voters_id">27</column>
            <column name="candidate_id">44</column>
            <column name="position_id">12</column>
        </table>
        <table name="votes">
            <column name="id">158</column>
            <column name="voters_id">27</column>
            <column name="candidate_id">31</column>
            <column name="position_id">13</column>
        </table>
        <table name="votes">
            <column name="id">159</column>
            <column name="voters_id">55</column>
            <column name="candidate_id">35</column>
            <column name="position_id">8</column>
        </table>
        <table name="votes">
            <column name="id">160</column>
            <column name="voters_id">55</column>
            <column name="candidate_id">37</column>
            <column name="position_id">9</column>
        </table>
        <table name="votes">
            <column name="id">161</column>
            <column name="voters_id">55</column>
            <column name="candidate_id">39</column>
            <column name="position_id">10</column>
        </table>
        <table name="votes">
            <column name="id">162</column>
            <column name="voters_id">55</column>
            <column name="candidate_id">42</column>
            <column name="position_id">11</column>
        </table>
        <table name="votes">
            <column name="id">163</column>
            <column name="voters_id">55</column>
            <column name="candidate_id">44</column>
            <column name="position_id">12</column>
        </table>
        <table name="votes">
            <column name="id">164</column>
            <column name="voters_id">55</column>
            <column name="candidate_id">31</column>
            <column name="position_id">13</column>
        </table>
        <table name="votes">
            <column name="id">165</column>
            <column name="voters_id">48</column>
            <column name="candidate_id">34</column>
            <column name="position_id">8</column>
        </table>
        <table name="votes">
            <column name="id">166</column>
            <column name="voters_id">48</column>
            <column name="candidate_id">37</column>
            <column name="position_id">9</column>
        </table>
        <table name="votes">
            <column name="id">167</column>
            <column name="voters_id">48</column>
            <column name="candidate_id">40</column>
            <column name="position_id">10</column>
        </table>
        <table name="votes">
            <column name="id">168</column>
            <column name="voters_id">48</column>
            <column name="candidate_id">41</column>
            <column name="position_id">11</column>
        </table>
        <table name="votes">
            <column name="id">169</column>
            <column name="voters_id">48</column>
            <column name="candidate_id">43</column>
            <column name="position_id">12</column>
        </table>
        <table name="votes">
            <column name="id">170</column>
            <column name="voters_id">48</column>
            <column name="candidate_id">32</column>
            <column name="position_id">13</column>
        </table>
    </database>
</pma_xml_export>